Gene	Chromosome	Strand	Exon_start	Exon_end
PLP1	chrX	+	103044262	103044327
PLP1	chrX	+	103042727	103042895
PLP1	chrX	+	103040511	103040697
PLP1	chrX	+	103045455	103047548
PLP1	chrX	+	103043366	103043439
MFSD8	chr4	-	128870959	128871002
MFSD8	chr4	-	128878656	128878747
MFSD8	chr4	-	128838960	128841991
MFSD8	chr4	-	128842679	128842926
MFSD8	chr4	-	128851838	128851972
MFSD8	chr4	-	128843015	128843118
MFSD8	chr4	-	128854140	128854248
MFSD8	chr4	-	128861008	128861152
MFSD8	chr4	-	128863200	128863313
MFSD8	chr4	-	128864907	128865147
MFSD8	chr4	-	128859938	128859993
MFSD8	chr4	-	128887052	128887139
MFSD8	chr4	-	128886227	128886363
CEP290	chr12	-	88523471	88523653
CEP290	chr12	-	88486458	88486609
CEP290	chr12	-	88478363	88478629
CEP290	chr12	-	88480168	88480275
CEP290	chr12	-	88453675	88453797
CEP290	chr12	-	88472869	88473006
CEP290	chr12	-	88513891	88514053
CEP290	chr12	-	88512420	88512520
CEP290	chr12	-	88456469	88456555
CEP290	chr12	-	88500773	88500875
CEP290	chr12	-	88524322	88524342
CEP290	chr12	-	88462299	88462422
CEP290	chr12	-	88454607	88454771
CEP290	chr12	-	88452625	88452797
CEP290	chr12	-	88514774	88514943
CEP290	chr12	-	88448117	88448190
CEP290	chr12	-	88532922	88532968
CEP290	chr12	-	88471474	88471695
CEP290	chr12	-	88465071	88465226
CEP290	chr12	-	88502843	88502958
CEP290	chr12	-	88522723	88522812
CEP290	chr12	-	88510810	88510922
CEP290	chr12	-	88470999	88471121
CEP290	chr12	-	88512260	88512347
CEP290	chr12	-	88496615	88496788
CEP290	chr12	-	88490665	88490776
CEP290	chr12	-	88442790	88443191
CEP290	chr12	-	88504979	88505128
CEP290	chr12	-	88476808	88477007
CEP290	chr12	-	88484505	88484616
CEP290	chr12	-	88457758	88457892
CEP290	chr12	-	88444131	88444210
CEP290	chr12	-	88535677	88535993
CEP290	chr12	-	88508875	88508959
CEP290	chr12	-	88534983	88535111
CEP290	chr12	-	88524942	88524995
CEP290	chr12	-	88481557	88481721
CEP290	chr12	-	88465558	88465703
CEP290	chr12	-	88500452	88500682
CEP290	chr12	-	88505471	88505635
CEP290	chr12	-	88447429	88447523
CEP290	chr12	-	88519023	88519146
CEP290	chr12	-	88520093	88520215
CEP290	chr12	-	88533272	88533341
CEP290	chr12	-	88508197	88508339
CEP290	chr12	-	88530420	88530563
CEP290	chr12	-	88534733	88534810
CEP290	chr12	-	88479816	88479950
CEP290	chr12	-	88524045	88524197
CEP290	chr12	-	88473959	88474172
CEP290	chr12	-	88487547	88487752
CEP290	chr12	-	88477624	88477731
CEP290	chr12	-	88482809	88483264
CEP290	chr12	-	88449353	88449494
PNKP	chr19	-	50364460	50364622
PNKP	chr19	-	50364865	50364952
PNKP	chr19	-	50365029	50365138
PNKP	chr19	-	50367221	50367328
PNKP	chr19	-	50366946	50367017
PNKP	chr19	-	50365442	50365538
PNKP	chr19	-	50367436	50367493
PNKP	chr19	-	50369656	50369702
PNKP	chr19	-	50365947	50365995
PNKP	chr19	-	50370311	50370474
PNKP	chr19	-	50364706	50364767
PNKP	chr19	-	50365795	50365865
PNKP	chr19	-	50367581	50367660
PNKP	chr19	-	50370726	50370822
PNKP	chr19	-	50365301	50365362
PNKP	chr19	-	50365628	50365720
PNKP	chr19	-	50368384	50368683
ALDH7A1	chr5	-	125885621	125885694
ALDH7A1	chr5	-	125929043	125929096
ALDH7A1	chr5	-	125894932	125895026
ALDH7A1	chr5	-	125930699	125931082
ALDH7A1	chr5	-	125896775	125896816
ALDH7A1	chr5	-	125928356	125928421
ALDH7A1	chr5	-	125918543	125918666
ALDH7A1	chr5	-	125882016	125882091
ALDH7A1	chr5	-	125912771	125912903
ALDH7A1	chr5	-	125903951	125904048
ALDH7A1	chr5	-	125877533	125880711
ALDH7A1	chr5	-	125885888	125885985
ALDH7A1	chr5	-	125919624	125919704
ALDH7A1	chr5	-	125887713	125887829
ALDH7A1	chr5	-	125911112	125911156
ALDH7A1	chr5	-	125906474	125906551
ALDH7A1	chr5	-	125885621	125885694
ALDH7A1	chr5	-	125929043	125929096
ALDH7A1	chr5	-	125894932	125895026
ALDH7A1	chr5	-	125930699	125931082
ALDH7A1	chr5	-	125896775	125896816
ALDH7A1	chr5	-	125928356	125928421
ALDH7A1	chr5	-	125918543	125918666
ALDH7A1	chr5	-	125882016	125882091
ALDH7A1	chr5	-	125912771	125912903
ALDH7A1	chr5	-	125903951	125904048
ALDH7A1	chr5	-	125877533	125880711
ALDH7A1	chr5	-	125885888	125885985
ALDH7A1	chr5	-	125919624	125919704
ALDH7A1	chr5	-	125887713	125887829
ALDH7A1	chr5	-	125911112	125911156
ALDH7A1	chr5	-	125906474	125906551
D2HGDH	chr2	+	242707125	242708231
D2HGDH	chr2	+	242674030	242674110
D2HGDH	chr2	+	242681850	242681989
D2HGDH	chr2	+	242689566	242689709
D2HGDH	chr2	+	242674548	242674931
D2HGDH	chr2	+	242684124	242684292
D2HGDH	chr2	+	242690661	242690803
D2HGDH	chr2	+	242695264	242695429
D2HGDH	chr2	+	242680448	242680505
D2HGDH	chr2	+	242683037	242683230
NIPBL	chr5	+	36955574	36955739
NIPBL	chr5	+	37022346	37022492
NIPBL	chr5	+	37006459	37006690
NIPBL	chr5	+	37020877	37020979
NIPBL	chr5	+	37019413	37019502
NIPBL	chr5	+	37049213	37049403
NIPBL	chr5	+	37002764	37002867
NIPBL	chr5	+	37044738	37044831
NIPBL	chr5	+	37044449	37044589
NIPBL	chr5	+	37016140	37016272
NIPBL	chr5	+	37017121	37017264
NIPBL	chr5	+	37000919	37000990
NIPBL	chr5	+	37001091	37001180
NIPBL	chr5	+	37048604	37048777
NIPBL	chr5	+	37007425	37007576
NIPBL	chr5	+	37052468	37052668
NIPBL	chr5	+	36984778	36986403
NIPBL	chr5	+	36953720	36953862
NIPBL	chr5	+	36961586	36961685
NIPBL	chr5	+	36970978	36971138
NIPBL	chr5	+	37014785	37014867
NIPBL	chr5	+	37038704	37038840
NIPBL	chr5	+	37008110	37008190
NIPBL	chr5	+	37057288	37057434
NIPBL	chr5	+	36995724	36995906
NIPBL	chr5	+	36972047	36972143
NIPBL	chr5	+	37000475	37000672
NIPBL	chr5	+	37027461	37027514
NIPBL	chr5	+	37026331	37026429
NIPBL	chr5	+	37024687	37024821
NIPBL	chr5	+	37022153	37022251
NIPBL	chr5	+	37020561	37020775
NIPBL	chr5	+	37008725	37008825
NIPBL	chr5	+	37036481	37036589
NIPBL	chr5	+	37010189	37010327
NIPBL	chr5	+	37058993	37059267
NIPBL	chr5	+	37045545	37045699
NIPBL	chr5	+	37051881	37051988
NIPBL	chr5	+	37046211	37046301
NIPBL	chr5	+	36958206	36958333
NIPBL	chr5	+	36962225	36962376
NIPBL	chr5	+	36975878	36976504
NIPBL	chr5	+	37003363	37003449
NIPBL	chr5	+	37060946	37061120
NIPBL	chr5	+	36876861	36877280
SCN1A	chr2	-	166903280	166903486
SCN1A	chr2	-	166901553	166901837
SCN1A	chr2	-	166872117	166872237
SCN1A	chr2	-	166868619	166868792
SCN1A	chr2	-	166850656	166850926
SCN1A	chr2	-	166845670	166848932
SCN1A	chr2	-	166856233	166856286
SCN1A	chr2	-	166866229	166866351
SCN1A	chr2	-	166911148	166911276
SCN1A	chr2	-	166904137	166904278
SCN1A	chr2	-	166852523	166852627
SCN1A	chr2	-	166894286	166894642
SCN1A	chr2	-	166897741	166897979
SCN1A	chr2	-	166905396	166905459
SCN1A	chr2	-	166915080	166915198
SCN1A	chr2	-	166908229	166908498
SCN1A	chr2	-	166892558	166893040
SCN1A	chr2	-	166909362	166909453
SCN1A	chr2	-	166858982	166859263
SCN1A	chr2	-	166898802	166898934
SCN1A	chr2	-	166895933	166896106
SCN1A	chr2	-	166912921	166913010
SCN1A	chr2	-	166870254	166870408
SCN1A	chr2	-	166854548	166854685
SCN1A	chr2	-	166903280	166903486
SCN1A	chr2	-	166901553	166901837
SCN1A	chr2	-	166872117	166872237
SCN1A	chr2	-	166868619	166868792
SCN1A	chr2	-	166850656	166850926
SCN1A	chr2	-	166845670	166848932
SCN1A	chr2	-	166856233	166856286
SCN1A	chr2	-	166866229	166866351
SCN1A	chr2	-	166911148	166911276
SCN1A	chr2	-	166904137	166904278
SCN1A	chr2	-	166852523	166852627
SCN1A	chr2	-	166894286	166894642
SCN1A	chr2	-	166897741	166897979
SCN1A	chr2	-	166905396	166905459
SCN1A	chr2	-	166915080	166915198
SCN1A	chr2	-	166908229	166908498
SCN1A	chr2	-	166892558	166893040
SCN1A	chr2	-	166909362	166909453
SCN1A	chr2	-	166858982	166859263
SCN1A	chr2	-	166898802	166898934
SCN1A	chr2	-	166895933	166896106
SCN1A	chr2	-	166912921	166913010
SCN1A	chr2	-	166870254	166870408
SCN1A	chr2	-	166854548	166854685
PLA2G6	chr22	-	38516766	38516916
PLA2G6	chr22	-	38507502	38508312
PLA2G6	chr22	-	38541445	38541660
PLA2G6	chr22	-	38528838	38529020
PLA2G6	chr22	-	38522378	38522456
PLA2G6	chr22	-	38508511	38508584
PLA2G6	chr22	-	38525461	38525569
PLA2G6	chr22	-	38509494	38509661
PLA2G6	chr22	-	38565225	38565478
PLA2G6	chr22	-	38511534	38511688
PLA2G6	chr22	-	38519102	38519265
PLA2G6	chr22	-	38539112	38539295
PLA2G6	chr22	-	38512082	38512218
PLA2G6	chr22	-	38535989	38536176
PLA2G6	chr22	-	38530995	38531091
DYSF	chr2	+	71795081	71795212
DYSF	chr2	+	71797359	71797464
DYSF	chr2	+	71791188	71791343
DYSF	chr2	+	71829906	71829935
DYSF	chr2	+	71795302	71795468
DYSF	chr2	+	71883292	71883420
DYSF	chr2	+	71886008	71886163
DYSF	chr2	+	71828629	71828658
DYSF	chr2	+	71901327	71901426
DYSF	chr2	+	71838375	71838476
DYSF	chr2	+	71913584	71913893
DYSF	chr2	+	71742753	71742881
DYSF	chr2	+	71825694	71825875
DYSF	chr2	+	71708013	71708068
DYSF	chr2	+	71817341	71817418
DYSF	chr2	+	71762151	71762219
DYSF	chr2	+	71755428	71755531
DYSF	chr2	+	71780141	71780318
DYSF	chr2	+	71747308	71747338
DYSF	chr2	+	71766287	71766369
DYSF	chr2	+	71887690	71887781
DYSF	chr2	+	71738937	71739051
DYSF	chr2	+	71892292	71892434
DYSF	chr2	+	71762398	71762441
DYSF	chr2	+	71740846	71741051
DYSF	chr2	+	71778737	71778850
DYSF	chr2	+	71709009	71709100
DYSF	chr2	+	71780937	71781061
DYSF	chr2	+	71778171	71778286
DYSF	chr2	+	71816723	71816816
DYSF	chr2	+	71839771	71839936
DYSF	chr2	+	71894506	71894645
DYSF	chr2	+	71801328	71801501
DYSF	chr2	+	71783095	71783201
DYSF	chr2	+	71797729	71797871
DYSF	chr2	+	71891398	71891568
DYSF	chr2	+	71730344	71730449
DYSF	chr2	+	71747919	71748034
DYSF	chr2	+	71788882	71789074
DYSF	chr2	+	71871095	71871193
DYSF	chr2	+	71895884	71895972
DYSF	chr2	+	71838595	71838756
DYSF	chr2	+	71796950	71797064
DYSF	chr2	+	71744119	71744169
DYSF	chr2	+	71827832	71827972
DYSF	chr2	+	71896242	71896337
DYSF	chr2	+	71743310	71743372
DYSF	chr2	+	71896735	71896876
DYSF	chr2	+	71909660	71909807
DYSF	chr2	+	71908131	71908240
DYSF	chr2	+	71906187	71906365
DYSF	chr2	+	71840464	71840540
DYSF	chr2	+	71753350	71753476
ALS2	chr2	-	202631952	202632106
ALS2	chr2	-	202633589	202633668
ALS2	chr2	-	202645600	202645895
SGCG	chr13	+	23777834	23778028
SGCG	chr13	+	23853498	23853617
SGCG	chr13	+	23894776	23894899
SGCG	chr13	+	23755060	23755214
SGCG	chr13	+	23808750	23808851
SGCG	chr13	+	23824769	23824856
SGCG	chr13	+	23869554	23869626
SGCG	chr13	+	23898507	23899304
CAPN3	chr15	+	42702129	42702193
CAPN3	chr15	+	42701985	42702042
CAPN3	chr15	+	42703945	42704515
CAPN3	chr15	+	42701501	42701578
CAPN3	chr15	+	42702626	42702694
CAPN3	chr15	+	42703485	42703543
CAPN3	chr15	+	42703082	42703198
CAPN3	chr15	+	42702786	42702864
FKTN	chr9	+	108382215	108382342
FKTN	chr9	+	108358879	108358938
FKTN	chr9	+	108363426	108363629
FKTN	chr9	+	108380240	108380373
FKTN	chr9	+	108377559	108377688
FKTN	chr9	+	108320411	108320446
FKTN	chr9	+	108337226	108337418
FKTN	chr9	+	108370100	108370232
FKTN	chr9	+	108366496	108366773
CHRNE	chr17	-	4804285	4804485
CHRNE	chr17	-	4802493	4802679
CHRNE	chr17	-	4801064	4802186
CHRNE	chr17	-	4805916	4806058
CHRNE	chr17	-	4804088	4804202
CHRNE	chr17	-	4805745	4805789
CHRNE	chr17	-	4802763	4802877
CHRNE	chr17	-	4805512	4805621
CHRNE	chr17	-	4806313	4806369
CHRNE	chr17	-	4805227	4805382
CHRNE	chr17	-	4802296	4802402
CHRNE	chr17	-	4804820	4804920
LAMA2	chr6	+	129759791	129759907
LAMA2	chr6	+	129634006	129634242
LAMA2	chr6	+	129802408	129802584
LAMA2	chr6	+	129571257	129571358
LAMA2	chr6	+	129498851	129499011
LAMA2	chr6	+	129621881	129622017
LAMA2	chr6	+	129775300	129775433
LAMA2	chr6	+	129380929	129381041
LAMA2	chr6	+	129722369	129722485
LAMA2	chr6	+	129636621	129636800
LAMA2	chr6	+	129833508	129833638
LAMA2	chr6	+	129799838	129799958
LAMA2	chr6	+	129581856	129581967
LAMA2	chr6	+	129470124	129470241
LAMA2	chr6	+	129723469	129723632
LAMA2	chr6	+	129635800	129635943
LAMA2	chr6	+	129712636	129712798
LAMA2	chr6	+	129465046	129465225
LAMA2	chr6	+	129511350	129511490
LAMA2	chr6	+	129588251	129588364
LAMA2	chr6	+	129612759	129612865
LAMA2	chr6	+	129475650	129475828
LAMA2	chr6	+	129748897	129748999
LAMA2	chr6	+	129637183	129637316
LAMA2	chr6	+	129601206	129601292
LAMA2	chr6	+	129813046	129813222
LAMA2	chr6	+	129618830	129619010
LAMA2	chr6	+	129823804	129823916
LAMA2	chr6	+	129704267	129704378
LAMA2	chr6	+	129204286	129204502
LAMA2	chr6	+	129468104	129468193
LAMA2	chr6	+	129826345	129826500
LAMA2	chr6	+	129687364	129687506
LAMA2	chr6	+	129766812	129766966
LAMA2	chr6	+	129486721	129486820
LAMA2	chr6	+	129786290	129786434
LAMA2	chr6	+	129785435	129785597
LAMA2	chr6	+	129649423	129649557
LAMA2	chr6	+	129824236	129824425
LAMA2	chr6	+	129663488	129663612
LAMA2	chr6	+	129774133	129774276
LAMA2	chr6	+	129764208	129764213
LAMA2	chr6	+	129636907	129637095
LAMA2	chr6	+	129371063	129371233
LAMA2	chr6	+	129608992	129609203
LAMA2	chr6	+	129828634	129828787
LAMA2	chr6	+	129813460	129813628
LAMA2	chr6	+	129591769	129591896
LAMA2	chr6	+	129761961	129762143
LAMA2	chr6	+	129419318	129419560
LAMA2	chr6	+	129777480	129777639
LAMA2	chr6	+	129670443	129670529
LAMA2	chr6	+	129837335	129837711
LAMA2	chr6	+	129835518	129835740
LAMA2	chr6	+	129794359	129794497
LAMA2	chr6	+	129807619	129807767
LAMA2	chr6	+	129674309	129674502
LAMA2	chr6	+	129641683	129641800
LAMA2	chr6	+	129714190	129714400
LAMA2	chr6	+	129781345	129781469
LAMA2	chr6	+	129691037	129691135
LAMA2	chr6	+	129573229	129573440
LAMA2	chr6	+	129724966	129725104
LAMA2	chr6	+	129513825	129513998
WFS1	chr4	+	6290714	6290858
WFS1	chr4	+	6293644	6293724
WFS1	chr4	+	6288820	6288902
WFS1	chr4	+	6296768	6296916
WFS1	chr4	+	6271577	6271741
WFS1	chr4	+	6292924	6293094
WFS1	chr4	+	6302384	6304992
TPP1	chr11	-	6636402	6636560
TPP1	chr11	-	6633997	6635917
TPP1	chr11	-	6637236	6637305
TPP1	chr11	-	6636097	6636222
TPP1	chr11	-	6640615	6640692
TPP1	chr11	-	6637546	6637734
TPP1	chr11	-	6638206	6638384
TPP1	chr11	-	6640007	6640146
TPP1	chr11	-	6640427	6640498
TPP1	chr11	-	6636673	6636793
TPP1	chr11	-	6638532	6638659
TPP1	chr11	-	6637892	6638090
TPP1	chr11	-	6638857	6639007
LAMA2	chr6	+	129759791	129759907
LAMA2	chr6	+	129634006	129634242
LAMA2	chr6	+	129802408	129802584
LAMA2	chr6	+	129571257	129571358
LAMA2	chr6	+	129498851	129499011
LAMA2	chr6	+	129621881	129622017
LAMA2	chr6	+	129775300	129775433
LAMA2	chr6	+	129380929	129381041
LAMA2	chr6	+	129722369	129722485
LAMA2	chr6	+	129636621	129636800
LAMA2	chr6	+	129833508	129833638
LAMA2	chr6	+	129799838	129799958
LAMA2	chr6	+	129581856	129581967
LAMA2	chr6	+	129470124	129470241
LAMA2	chr6	+	129723469	129723632
LAMA2	chr6	+	129635800	129635943
LAMA2	chr6	+	129712636	129712798
LAMA2	chr6	+	129465046	129465225
LAMA2	chr6	+	129511350	129511490
LAMA2	chr6	+	129588251	129588364
LAMA2	chr6	+	129612759	129612865
LAMA2	chr6	+	129475650	129475828
LAMA2	chr6	+	129748897	129748999
LAMA2	chr6	+	129637183	129637316
LAMA2	chr6	+	129601206	129601292
LAMA2	chr6	+	129813046	129813222
LAMA2	chr6	+	129618830	129619010
LAMA2	chr6	+	129823804	129823916
LAMA2	chr6	+	129704267	129704378
LAMA2	chr6	+	129204286	129204502
LAMA2	chr6	+	129468104	129468193
LAMA2	chr6	+	129826345	129826500
LAMA2	chr6	+	129687364	129687506
LAMA2	chr6	+	129766812	129766966
LAMA2	chr6	+	129486721	129486820
LAMA2	chr6	+	129786290	129786434
LAMA2	chr6	+	129785435	129785597
LAMA2	chr6	+	129649423	129649557
LAMA2	chr6	+	129824236	129824425
LAMA2	chr6	+	129663488	129663612
LAMA2	chr6	+	129774133	129774276
LAMA2	chr6	+	129764208	129764213
LAMA2	chr6	+	129636907	129637095
LAMA2	chr6	+	129371063	129371233
LAMA2	chr6	+	129608992	129609203
LAMA2	chr6	+	129828634	129828787
LAMA2	chr6	+	129813460	129813628
LAMA2	chr6	+	129591769	129591896
LAMA2	chr6	+	129761961	129762143
LAMA2	chr6	+	129419318	129419560
LAMA2	chr6	+	129777480	129777639
LAMA2	chr6	+	129670443	129670529
LAMA2	chr6	+	129837335	129837711
LAMA2	chr6	+	129835518	129835740
LAMA2	chr6	+	129794359	129794497
LAMA2	chr6	+	129807619	129807767
LAMA2	chr6	+	129674309	129674502
LAMA2	chr6	+	129641683	129641800
LAMA2	chr6	+	129714190	129714400
LAMA2	chr6	+	129781345	129781469
LAMA2	chr6	+	129691037	129691135
LAMA2	chr6	+	129573229	129573440
LAMA2	chr6	+	129724966	129725104
LAMA2	chr6	+	129513825	129513998
LAMA2	chr6	+	129759791	129759907
LAMA2	chr6	+	129634006	129634242
LAMA2	chr6	+	129802408	129802584
LAMA2	chr6	+	129571257	129571358
LAMA2	chr6	+	129498851	129499011
LAMA2	chr6	+	129621881	129622017
LAMA2	chr6	+	129775300	129775433
LAMA2	chr6	+	129380929	129381041
LAMA2	chr6	+	129722369	129722485
LAMA2	chr6	+	129636621	129636800
LAMA2	chr6	+	129833508	129833638
LAMA2	chr6	+	129799838	129799958
LAMA2	chr6	+	129581856	129581967
LAMA2	chr6	+	129470124	129470241
LAMA2	chr6	+	129723469	129723632
LAMA2	chr6	+	129635800	129635943
LAMA2	chr6	+	129712636	129712798
LAMA2	chr6	+	129465046	129465225
LAMA2	chr6	+	129511350	129511490
LAMA2	chr6	+	129588251	129588364
LAMA2	chr6	+	129612759	129612865
LAMA2	chr6	+	129475650	129475828
LAMA2	chr6	+	129748897	129748999
LAMA2	chr6	+	129637183	129637316
LAMA2	chr6	+	129601206	129601292
LAMA2	chr6	+	129813046	129813222
LAMA2	chr6	+	129618830	129619010
LAMA2	chr6	+	129823804	129823916
LAMA2	chr6	+	129704267	129704378
LAMA2	chr6	+	129204286	129204502
LAMA2	chr6	+	129468104	129468193
LAMA2	chr6	+	129826345	129826500
LAMA2	chr6	+	129687364	129687506
LAMA2	chr6	+	129766812	129766966
LAMA2	chr6	+	129486721	129486820
LAMA2	chr6	+	129786290	129786434
LAMA2	chr6	+	129785435	129785597
LAMA2	chr6	+	129649423	129649557
LAMA2	chr6	+	129824236	129824425
LAMA2	chr6	+	129663488	129663612
LAMA2	chr6	+	129774133	129774276
LAMA2	chr6	+	129764208	129764213
LAMA2	chr6	+	129636907	129637095
LAMA2	chr6	+	129371063	129371233
LAMA2	chr6	+	129608992	129609203
LAMA2	chr6	+	129828634	129828787
LAMA2	chr6	+	129813460	129813628
LAMA2	chr6	+	129591769	129591896
LAMA2	chr6	+	129761961	129762143
LAMA2	chr6	+	129419318	129419560
LAMA2	chr6	+	129777480	129777639
LAMA2	chr6	+	129670443	129670529
LAMA2	chr6	+	129837335	129837711
LAMA2	chr6	+	129835518	129835740
LAMA2	chr6	+	129794359	129794497
LAMA2	chr6	+	129807619	129807767
LAMA2	chr6	+	129674309	129674502
LAMA2	chr6	+	129641683	129641800
LAMA2	chr6	+	129714190	129714400
LAMA2	chr6	+	129781345	129781469
LAMA2	chr6	+	129691037	129691135
LAMA2	chr6	+	129573229	129573440
LAMA2	chr6	+	129724966	129725104
LAMA2	chr6	+	129513825	129513998
APTX	chr9	-	32985969	32986028
APTX	chr9	-	32989757	32989893
APTX	chr9	-	32984629	32984855
APTX	chr9	-	32974456	32974559
ATM	chr11	+	108213949	108214098
ATM	chr11	+	108158327	108158442
ATM	chr11	+	108190681	108190785
ATM	chr11	+	108099905	108100050
ATM	chr11	+	108126942	108127067
ATM	chr11	+	108123544	108123639
ATM	chr11	+	108202171	108202284
ATM	chr11	+	108098503	108098615
ATM	chr11	+	108183138	108183225
ATM	chr11	+	108163346	108163520
ATM	chr11	+	108139137	108139336
ATM	chr11	+	108115515	108115753
ATM	chr11	+	108172375	108172516
ATM	chr11	+	108205696	108205836
ATM	chr11	+	108218006	108218092
ATM	chr11	+	108175402	108175579
ATM	chr11	+	108186738	108186840
ATM	chr11	+	108141978	108142133
ATM	chr11	+	108119660	108119829
ATM	chr11	+	108170441	108170612
ATM	chr11	+	108204613	108204695
ATM	chr11	+	108154954	108155200
ATM	chr11	+	108143449	108143579
ATM	chr11	+	108196037	108196271
ATM	chr11	+	108122564	108122758
ATM	chr11	+	108200941	108201148
ATM	chr11	+	108188100	108188248
ATM	chr11	+	108165654	108165786
ATM	chr11	+	108186550	108186638
ATM	chr11	+	108180887	108181042
ATM	chr11	+	108235809	108235945
ATM	chr11	+	108106397	108106561
ATM	chr11	+	108124541	108124766
ATM	chr11	+	108121428	108121799
ATM	chr11	+	108114680	108114845
ATM	chr11	+	108093559	108093913
ATM	chr11	+	108160329	108160528
ATM	chr11	+	108178624	108178711
ATM	chr11	+	108141791	108141873
ATM	chr11	+	108164040	108164204
ATM	chr11	+	108199748	108199965
ATM	chr11	+	108202606	108202764
ATM	chr11	+	108173580	108173756
ATM	chr11	+	108236052	108239826
ATM	chr11	+	108225538	108225601
ATM	chr11	+	108196785	108196952
ATM	chr11	+	108224493	108224607
ATM	chr11	+	108159704	108159830
ATM	chr11	+	108206572	108206688
ATM	chr11	+	108137898	108138069
ATM	chr11	+	108216470	108216635
ATM	chr11	+	108153437	108153606
ATM	chr11	+	108198372	108198485
ATM	chr11	+	108203489	108203627
ATM	chr11	+	108150218	108150335
ATM	chr11	+	108151722	108151895
ATM	chr11	+	108143259	108143334
ATM	chr11	+	108192028	108192147
ATM	chr11	+	108117691	108117854
ATM	chr11	+	108098322	108098423
ATM	chr11	+	108168014	108168109
ATM	chr11	+	108128208	108128333
ATM	chr11	+	108129713	108129802
CYP27A1	chr2	+	219677275	219677472
CYP27A1	chr2	+	219678744	219678910
CYP27A1	chr2	+	219676945	219677144
CYP27A1	chr2	+	219677647	219677819
CYP27A1	chr2	+	219679103	219679181
CYP27A1	chr2	+	219674300	219674490
CYP27A1	chr2	+	219679268	219679480
CYP27A1	chr2	+	219646472	219647160
CYP27A1	chr2	+	219679634	219680016
DYSF	chr2	+	71795081	71795212
DYSF	chr2	+	71797359	71797464
DYSF	chr2	+	71791188	71791343
DYSF	chr2	+	71829906	71829935
DYSF	chr2	+	71795302	71795468
DYSF	chr2	+	71883292	71883420
DYSF	chr2	+	71886008	71886163
DYSF	chr2	+	71828629	71828658
DYSF	chr2	+	71901327	71901426
DYSF	chr2	+	71838375	71838476
DYSF	chr2	+	71913584	71913893
DYSF	chr2	+	71742753	71742881
DYSF	chr2	+	71825694	71825875
DYSF	chr2	+	71708013	71708068
DYSF	chr2	+	71817341	71817418
DYSF	chr2	+	71762151	71762219
DYSF	chr2	+	71755428	71755531
DYSF	chr2	+	71780141	71780318
DYSF	chr2	+	71747308	71747338
DYSF	chr2	+	71766287	71766369
DYSF	chr2	+	71887690	71887781
DYSF	chr2	+	71738937	71739051
DYSF	chr2	+	71892292	71892434
DYSF	chr2	+	71762398	71762441
DYSF	chr2	+	71740846	71741051
DYSF	chr2	+	71778737	71778850
DYSF	chr2	+	71709009	71709100
DYSF	chr2	+	71780937	71781061
DYSF	chr2	+	71778171	71778286
DYSF	chr2	+	71816723	71816816
DYSF	chr2	+	71839771	71839936
DYSF	chr2	+	71894506	71894645
DYSF	chr2	+	71801328	71801501
DYSF	chr2	+	71783095	71783201
DYSF	chr2	+	71797729	71797871
DYSF	chr2	+	71891398	71891568
DYSF	chr2	+	71730344	71730449
DYSF	chr2	+	71747919	71748034
DYSF	chr2	+	71788882	71789074
DYSF	chr2	+	71871095	71871193
DYSF	chr2	+	71895884	71895972
DYSF	chr2	+	71838595	71838756
DYSF	chr2	+	71796950	71797064
DYSF	chr2	+	71744119	71744169
DYSF	chr2	+	71827832	71827972
DYSF	chr2	+	71896242	71896337
DYSF	chr2	+	71743310	71743372
DYSF	chr2	+	71896735	71896876
DYSF	chr2	+	71909660	71909807
DYSF	chr2	+	71908131	71908240
DYSF	chr2	+	71906187	71906365
DYSF	chr2	+	71840464	71840540
DYSF	chr2	+	71753350	71753476
SGCE	chr7	-	94232602	94232764
SGCE	chr7	-	94257514	94257671
SGCE	chr7	-	94228087	94228275
SGCE	chr7	-	94259031	94259153
SGCE	chr7	-	94248070	94248268
SGCE	chr7	-	94229958	94230169
SGCE	chr7	-	94214536	94214827
SGCE	chr7	-	94218001	94218044
SGCE	chr7	-	94285302	94285521
SGCE	chr7	-	94252637	94252709
PAH	chr12	-	103238114	103238209
PAH	chr12	-	103288513	103288696
PAH	chr12	-	103310849	103311381
PAH	chr12	-	103232104	103232996
PAH	chr12	-	103234178	103234293
PAH	chr12	-	103245465	103245534
PAH	chr12	-	103237424	103237557
PAH	chr12	-	103248914	103249110
PAH	chr12	-	103240673	103240729
PAH	chr12	-	103260374	103260441
PAH	chr12	-	103306569	103306676
PAH	chr12	-	103271240	103271328
PAH	chr12	-	103246593	103246728
RYR1	chr19	+	38954387	38954490
RYR1	chr19	+	39019591	39019697
RYR1	chr19	+	39015972	39016142
RYR1	chr19	+	39002712	39002772
RYR1	chr19	+	38973667	38973753
RYR1	chr19	+	38987500	38987594
RYR1	chr19	+	38968350	38968510
RYR1	chr19	+	39057551	39057627
RYR1	chr19	+	39002885	39003123
RYR1	chr19	+	38937112	38937205
RYR1	chr19	+	38931385	38931504
RYR1	chr19	+	39025781	39025860
RYR1	chr19	+	38990548	38990656
RYR1	chr19	+	38938995	38939151
RYR1	chr19	+	38932989	38933093
RYR1	chr19	+	39025956	39026032
RYR1	chr19	+	38949786	38949978
RYR1	chr19	+	38942404	38942525
RYR1	chr19	+	38945875	38946010
RYR1	chr19	+	39017633	39017692
RYR1	chr19	+	39076578	39076642
RYR1	chr19	+	38954063	38954167
RYR1	chr19	+	39034172	39034300
RYR1	chr19	+	38983130	38983276
RYR1	chr19	+	39075583	39075739
RYR1	chr19	+	38995949	38996038
RYR1	chr19	+	38946273	38946391
RYR1	chr19	+	38990275	38990461
RYR1	chr19	+	38973930	38974156
RYR1	chr19	+	39001138	39001205
RYR1	chr19	+	38956731	38957038
RYR1	chr19	+	38935224	38935317
RYR1	chr19	+	38987049	38987181
RYR1	chr19	+	39013857	39013949
RYR1	chr19	+	39005666	39005747
RYR1	chr19	+	39068558	39068688
RYR1	chr19	+	38948691	38948932
RYR1	chr19	+	38984992	38985265
RYR1	chr19	+	38991461	38991630
RYR1	chr19	+	39051753	39052094
RYR1	chr19	+	38995388	38995551
RYR1	chr19	+	38937334	38937408
RYR1	chr19	+	38998352	38998467
RYR1	chr19	+	39006727	39006857
RYR1	chr19	+	38924340	38924514
RYR1	chr19	+	39071010	39071144
RYR1	chr19	+	38958250	38958452
RYR1	chr19	+	38997469	38997592
RYR1	chr19	+	38996943	38997017
RYR1	chr19	+	38986855	38986969
RYR1	chr19	+	38934198	38934272
RYR1	chr19	+	38996446	38996586
RYR1	chr19	+	39077965	39078204
RYR1	chr19	+	39027390	39027407
RYR1	chr19	+	38993520	38993610
RYR1	chr19	+	39019239	39019335
RYR1	chr19	+	39009854	39010094
RYR1	chr19	+	38934358	38934436
RYR1	chr19	+	38981261	38981372
RYR1	chr19	+	38995643	38995721
RYR1	chr19	+	38959945	38960153
RYR1	chr19	+	39055599	39056411
RYR1	chr19	+	38997111	38997186
RYR1	chr19	+	39076731	39076831
RYR1	chr19	+	39001300	39001421
RYR1	chr19	+	39013668	39013755
RYR1	chr19	+	38951015	38951231
RYR1	chr19	+	39028520	39028600
RYR1	chr19	+	38965958	38966090
RYR1	chr19	+	38991246	38991366
RYR1	chr19	+	39066559	39066601
RYR1	chr19	+	39034411	39034515
RYR1	chr19	+	38979817	38980083
RYR1	chr19	+	38993147	38993367
RYR1	chr19	+	39063817	39063947
RYR1	chr19	+	38969075	38969240
RYR1	chr19	+	39061247	39061333
RYR1	chr19	+	39037085	39037166
RYR1	chr19	+	39023311	39023376
RYR1	chr19	+	39023130	39023181
RYR1	chr19	+	39026637	39026710
RYR1	chr19	+	38959606	38959780
RYR1	chr19	+	39068784	39068844
RYR1	chr19	+	38964017	38964411
RYR1	chr19	+	39038873	39039060
RYR1	chr19	+	38976230	38976842
RYR1	chr19	+	39002201	39002250
RYR1	chr19	+	39058413	39058557
RYR1	chr19	+	38934789	38934901
RYR1	chr19	+	39018946	39019058
RYR1	chr19	+	39007999	39008331
RYR1	chr19	+	39062659	39062910
RYR1	chr19	+	38989748	38989883
RYR1	chr19	+	39070622	39070768
RYR1	chr19	+	38948137	38948270
RYR1	chr19	+	39025360	39025459
RYR1	chr19	+	38939289	38939453
RYR1	chr19	+	38943459	38943654
RYR1	chr19	+	38946091	38946186
RYR1	chr19	+	38994860	38995000
RYR1	chr19	+	38955279	38955362
RYR1	chr19	+	38980716	38980916
RYR1	chr19	+	39077165	39077216
RYR1	chr19	+	39018287	39018424
RYR1	chr19	+	39033987	39034075
RYR1	chr19	+	38954387	38954490
RYR1	chr19	+	39019591	39019697
RYR1	chr19	+	39015972	39016142
RYR1	chr19	+	39002712	39002772
RYR1	chr19	+	38973667	38973753
RYR1	chr19	+	38987500	38987594
RYR1	chr19	+	38968350	38968510
RYR1	chr19	+	39057551	39057627
RYR1	chr19	+	39002885	39003123
RYR1	chr19	+	38937112	38937205
RYR1	chr19	+	38931385	38931504
RYR1	chr19	+	39025781	39025860
RYR1	chr19	+	38990548	38990656
RYR1	chr19	+	38938995	38939151
RYR1	chr19	+	38932989	38933093
RYR1	chr19	+	39025956	39026032
RYR1	chr19	+	38949786	38949978
RYR1	chr19	+	38942404	38942525
RYR1	chr19	+	38945875	38946010
RYR1	chr19	+	39017633	39017692
RYR1	chr19	+	39076578	39076642
RYR1	chr19	+	38954063	38954167
RYR1	chr19	+	39034172	39034300
RYR1	chr19	+	38983130	38983276
RYR1	chr19	+	39075583	39075739
RYR1	chr19	+	38995949	38996038
RYR1	chr19	+	38946273	38946391
RYR1	chr19	+	38990275	38990461
RYR1	chr19	+	38973930	38974156
RYR1	chr19	+	39001138	39001205
RYR1	chr19	+	38956731	38957038
RYR1	chr19	+	38935224	38935317
RYR1	chr19	+	38987049	38987181
RYR1	chr19	+	39013857	39013949
RYR1	chr19	+	39005666	39005747
RYR1	chr19	+	39068558	39068688
RYR1	chr19	+	38948691	38948932
RYR1	chr19	+	38984992	38985265
RYR1	chr19	+	38991461	38991630
RYR1	chr19	+	39051753	39052094
RYR1	chr19	+	38995388	38995551
RYR1	chr19	+	38937334	38937408
RYR1	chr19	+	38998352	38998467
RYR1	chr19	+	39006727	39006857
RYR1	chr19	+	38924340	38924514
RYR1	chr19	+	39071010	39071144
RYR1	chr19	+	38958250	38958452
RYR1	chr19	+	38997469	38997592
RYR1	chr19	+	38996943	38997017
RYR1	chr19	+	38986855	38986969
RYR1	chr19	+	38934198	38934272
RYR1	chr19	+	38996446	38996586
RYR1	chr19	+	39077965	39078204
RYR1	chr19	+	39027390	39027407
RYR1	chr19	+	38993520	38993610
RYR1	chr19	+	39019239	39019335
RYR1	chr19	+	39009854	39010094
RYR1	chr19	+	38934358	38934436
RYR1	chr19	+	38981261	38981372
RYR1	chr19	+	38995643	38995721
RYR1	chr19	+	38959945	38960153
RYR1	chr19	+	39055599	39056411
RYR1	chr19	+	38997111	38997186
RYR1	chr19	+	39076731	39076831
RYR1	chr19	+	39001300	39001421
RYR1	chr19	+	39013668	39013755
RYR1	chr19	+	38951015	38951231
RYR1	chr19	+	39028520	39028600
RYR1	chr19	+	38965958	38966090
RYR1	chr19	+	38991246	38991366
RYR1	chr19	+	39066559	39066601
RYR1	chr19	+	39034411	39034515
RYR1	chr19	+	38979817	38980083
RYR1	chr19	+	38993147	38993367
RYR1	chr19	+	39063817	39063947
RYR1	chr19	+	38969075	38969240
RYR1	chr19	+	39061247	39061333
RYR1	chr19	+	39037085	39037166
RYR1	chr19	+	39023311	39023376
RYR1	chr19	+	39023130	39023181
RYR1	chr19	+	39026637	39026710
RYR1	chr19	+	38959606	38959780
RYR1	chr19	+	39068784	39068844
RYR1	chr19	+	38964017	38964411
RYR1	chr19	+	39038873	39039060
RYR1	chr19	+	38976230	38976842
RYR1	chr19	+	39002201	39002250
RYR1	chr19	+	39058413	39058557
RYR1	chr19	+	38934789	38934901
RYR1	chr19	+	39018946	39019058
RYR1	chr19	+	39007999	39008331
RYR1	chr19	+	39062659	39062910
RYR1	chr19	+	38989748	38989883
RYR1	chr19	+	39070622	39070768
RYR1	chr19	+	38948137	38948270
RYR1	chr19	+	39025360	39025459
RYR1	chr19	+	38939289	38939453
RYR1	chr19	+	38943459	38943654
RYR1	chr19	+	38946091	38946186
RYR1	chr19	+	38994860	38995000
RYR1	chr19	+	38955279	38955362
RYR1	chr19	+	38980716	38980916
RYR1	chr19	+	39077165	39077216
RYR1	chr19	+	39018287	39018424
RYR1	chr19	+	39033987	39034075
ERCC8	chr5	-	60169659	60170510
ERCC8	chr5	-	60240759	60240905
ERCC8	chr5	-	60200619	60200700
ERCC8	chr5	-	60195454	60195554
ERCC8	chr5	-	60199475	60199543
ERCC8	chr5	-	60186716	60186913
ERCC8	chr5	-	60217881	60217982
ERCC8	chr5	-	60214092	60214215
ERCC8	chr5	-	60194103	60194227
ERCC8	chr5	-	60224691	60224786
ERCC8	chr5	-	60183267	60183347
ERCC8	chr5	-	60198269	60198335
PEX1	chr7	-	92146590	92147356
PEX1	chr7	-	92151416	92151559
PEX1	chr7	-	92119028	92119225
PEX1	chr7	-	92131204	92131393
PEX1	chr7	-	92120586	92120816
PEX1	chr7	-	92147455	92147569
PEX1	chr7	-	92138643	92138725
PEX1	chr7	-	92136308	92136440
PEX1	chr7	-	92123801	92123943
PEX1	chr7	-	92122267	92122443
PEX1	chr7	-	92123607	92123710
PEX1	chr7	-	92143162	92143281
PEX1	chr7	-	92157621	92157845
PEX1	chr7	-	92140258	92140361
PEX1	chr7	-	92135562	92135658
PEX1	chr7	-	92130821	92130987
PEX1	chr7	-	92132355	92132509
PEX1	chr7	-	92129018	92129152
PEX1	chr7	-	92126027	92126091
PEX1	chr7	-	92118607	92118737
PEX1	chr7	-	92140894	92141017
PEX1	chr7	-	92116337	92116855
BRCA1	chr17	-	41209069	41209152
BRCA1	chr17	-	41222945	41223255
BRCA1	chr17	-	41251792	41251897
BRCA1	chr17	-	41199660	41199720
BRCA1	chr17	-	41256885	41256973
BRCA1	chr17	-	41234421	41234592
BRCA1	chr17	-	41256139	41256278
BRCA1	chr17	-	41215891	41215968
BRCA1	chr17	-	41242961	41243049
BRCA1	chr17	-	41249261	41249306
BRCA1	chr17	-	41276034	41276132
BRCA1	chr17	-	41226348	41226538
BRCA1	chr17	-	41247863	41247939
BRCA1	chr17	-	41196312	41197819
BRCA1	chr17	-	41258473	41258550
BRCA1	chr17	-	41203080	41203134
BRCA1	chr17	-	41219625	41219712
BRCA1	chr17	-	41215350	41215390
PDHA1	chrX	+	19377607	19379825
PDHA1	chrX	+	19367430	19367489
PDHA1	chrX	+	19371200	19371291
PDHA1	chrX	+	19373467	19373622
PDHA1	chrX	+	19377034	19377142
PDHA1	chrX	+	19362011	19362212
PDHA1	chrX	+	19373804	19373875
PDHA1	chrX	+	19375770	19375837
PDHA1	chrX	+	19368055	19368228
AIRE	chr21	+	45712185	45712284
AIRE	chr21	+	45706440	45706614
AIRE	chr21	+	45708228	45708341
AIRE	chr21	+	45717539	45718102
AIRE	chr21	+	45710978	45711093
AIRE	chr21	+	45707400	45707474
AIRE	chr21	+	45709871	45709951
AIRE	chr21	+	45709540	45709685
AIRE	chr21	+	45712876	45713058
AIRE	chr21	+	45713672	45713793
AIRE	chr21	+	45716266	45716328
AIRE	chr21	+	45705721	45706021
AIRE	chr21	+	45714284	45714386
AIRE	chr21	+	45706861	45707016
ATP7B	chr13	-	52539008	52539169
ATP7B	chr13	-	52585423	52585630
ATP7B	chr13	-	52542580	52542743
ATP7B	chr13	-	52513187	52513329
ATP7B	chr13	-	52518245	52518427
ATP7B	chr13	-	52531652	52531743
ATP7B	chr13	-	52515217	52515360
ATP7B	chr13	-	52506805	52509165
ATP7B	chr13	-	52520420	52520614
ATP7B	chr13	-	52524143	52524297
ATP7B	chr13	-	52524408	52524535
ATP7B	chr13	-	52511612	52511815
ATP7B	chr13	-	52544628	52544885
ATP7B	chr13	-	52509729	52509831
ATP7B	chr13	-	52516522	52516690
ATP7B	chr13	-	52511412	52511529
ATP8A2	chr13	+	26117429	26117540
ATP8A2	chr13	+	26411301	26411423
ATP8A2	chr13	+	26413684	26413762
ATP8A2	chr13	+	26104137	26104236
ATP8A2	chr13	+	26348987	26349097
ATP8A2	chr13	+	26043115	26043259
ATP8A2	chr13	+	26114457	26114526
ATP8A2	chr13	+	26152953	26153037
ATP8A2	chr13	+	26153946	26154085
ATP8A2	chr13	+	26273311	26273483
ATP8A2	chr13	+	26163773	26163837
ATP8A2	chr13	+	25946209	25946426
ATP8A2	chr13	+	26402256	26402330
ATP8A2	chr13	+	26145748	26145830
ATP8A2	chr13	+	26155957	26156095
ATP8A2	chr13	+	26436439	26436546
ATP8A2	chr13	+	26133859	26133903
ATP8A2	chr13	+	26133111	26133199
ATP8A2	chr13	+	26116057	26116184
ATP8A2	chr13	+	26586669	26586760
ATP8A2	chr13	+	26343184	26343367
ATP8A2	chr13	+	26138094	26138169
ATP8A2	chr13	+	26127931	26128058
ATP8A2	chr13	+	26104700	26104798
ATP8A2	chr13	+	26151207	26151276
ATP8A2	chr13	+	26129129	26129206
ATP8A2	chr13	+	26434942	26434998
ATP8A2	chr13	+	26144905	26145010
ATP8A2	chr13	+	26148946	26148995
ATP8A2	chr13	+	26594026	26595420
ATP8A2	chr13	+	26434333	26434394
ATP8A2	chr13	+	26106410	26106455
ATP8A2	chr13	+	26535713	26535801
ATP8A2	chr13	+	26112126	26112199
ATP8A2	chr13	+	26125476	26125641
ATP8A2	chr13	+	26542713	26542817
ATP8A2	chr13	+	26107411	26107451
RYR1	chr19	+	38954387	38954490
RYR1	chr19	+	39019591	39019697
RYR1	chr19	+	39015972	39016142
RYR1	chr19	+	39002712	39002772
RYR1	chr19	+	38973667	38973753
RYR1	chr19	+	38987500	38987594
RYR1	chr19	+	38968350	38968510
RYR1	chr19	+	39057551	39057627
RYR1	chr19	+	39002885	39003123
RYR1	chr19	+	38937112	38937205
RYR1	chr19	+	38931385	38931504
RYR1	chr19	+	39025781	39025860
RYR1	chr19	+	38990548	38990656
RYR1	chr19	+	38938995	38939151
RYR1	chr19	+	38932989	38933093
RYR1	chr19	+	39025956	39026032
RYR1	chr19	+	38949786	38949978
RYR1	chr19	+	38942404	38942525
RYR1	chr19	+	38945875	38946010
RYR1	chr19	+	39017633	39017692
RYR1	chr19	+	39076578	39076642
RYR1	chr19	+	38954063	38954167
RYR1	chr19	+	39034172	39034300
RYR1	chr19	+	38983130	38983276
RYR1	chr19	+	39075583	39075739
RYR1	chr19	+	38995949	38996038
RYR1	chr19	+	38946273	38946391
RYR1	chr19	+	38990275	38990461
RYR1	chr19	+	38973930	38974156
RYR1	chr19	+	39001138	39001205
RYR1	chr19	+	38956731	38957038
RYR1	chr19	+	38935224	38935317
RYR1	chr19	+	38987049	38987181
RYR1	chr19	+	39013857	39013949
RYR1	chr19	+	39005666	39005747
RYR1	chr19	+	39068558	39068688
RYR1	chr19	+	38948691	38948932
RYR1	chr19	+	38984992	38985265
RYR1	chr19	+	38991461	38991630
RYR1	chr19	+	39051753	39052094
RYR1	chr19	+	38995388	38995551
RYR1	chr19	+	38937334	38937408
RYR1	chr19	+	38998352	38998467
RYR1	chr19	+	39006727	39006857
RYR1	chr19	+	38924340	38924514
RYR1	chr19	+	39071010	39071144
RYR1	chr19	+	38958250	38958452
RYR1	chr19	+	38997469	38997592
RYR1	chr19	+	38996943	38997017
RYR1	chr19	+	38986855	38986969
RYR1	chr19	+	38934198	38934272
RYR1	chr19	+	38996446	38996586
RYR1	chr19	+	39077965	39078204
RYR1	chr19	+	39027390	39027407
RYR1	chr19	+	38993520	38993610
RYR1	chr19	+	39019239	39019335
RYR1	chr19	+	39009854	39010094
RYR1	chr19	+	38934358	38934436
RYR1	chr19	+	38981261	38981372
RYR1	chr19	+	38995643	38995721
RYR1	chr19	+	38959945	38960153
RYR1	chr19	+	39055599	39056411
RYR1	chr19	+	38997111	38997186
RYR1	chr19	+	39076731	39076831
RYR1	chr19	+	39001300	39001421
RYR1	chr19	+	39013668	39013755
RYR1	chr19	+	38951015	38951231
RYR1	chr19	+	39028520	39028600
RYR1	chr19	+	38965958	38966090
RYR1	chr19	+	38991246	38991366
RYR1	chr19	+	39066559	39066601
RYR1	chr19	+	39034411	39034515
RYR1	chr19	+	38979817	38980083
RYR1	chr19	+	38993147	38993367
RYR1	chr19	+	39063817	39063947
RYR1	chr19	+	38969075	38969240
RYR1	chr19	+	39061247	39061333
RYR1	chr19	+	39037085	39037166
RYR1	chr19	+	39023311	39023376
RYR1	chr19	+	39023130	39023181
RYR1	chr19	+	39026637	39026710
RYR1	chr19	+	38959606	38959780
RYR1	chr19	+	39068784	39068844
RYR1	chr19	+	38964017	38964411
RYR1	chr19	+	39038873	39039060
RYR1	chr19	+	38976230	38976842
RYR1	chr19	+	39002201	39002250
RYR1	chr19	+	39058413	39058557
RYR1	chr19	+	38934789	38934901
RYR1	chr19	+	39018946	39019058
RYR1	chr19	+	39007999	39008331
RYR1	chr19	+	39062659	39062910
RYR1	chr19	+	38989748	38989883
RYR1	chr19	+	39070622	39070768
RYR1	chr19	+	38948137	38948270
RYR1	chr19	+	39025360	39025459
RYR1	chr19	+	38939289	38939453
RYR1	chr19	+	38943459	38943654
RYR1	chr19	+	38946091	38946186
RYR1	chr19	+	38994860	38995000
RYR1	chr19	+	38955279	38955362
RYR1	chr19	+	38980716	38980916
RYR1	chr19	+	39077165	39077216
RYR1	chr19	+	39018287	39018424
RYR1	chr19	+	39033987	39034075
RYR1	chr19	+	38954387	38954490
RYR1	chr19	+	39019591	39019697
RYR1	chr19	+	39015972	39016142
RYR1	chr19	+	39002712	39002772
RYR1	chr19	+	38973667	38973753
RYR1	chr19	+	38987500	38987594
RYR1	chr19	+	38968350	38968510
RYR1	chr19	+	39057551	39057627
RYR1	chr19	+	39002885	39003123
RYR1	chr19	+	38937112	38937205
RYR1	chr19	+	38931385	38931504
RYR1	chr19	+	39025781	39025860
RYR1	chr19	+	38990548	38990656
RYR1	chr19	+	38938995	38939151
RYR1	chr19	+	38932989	38933093
RYR1	chr19	+	39025956	39026032
RYR1	chr19	+	38949786	38949978
RYR1	chr19	+	38942404	38942525
RYR1	chr19	+	38945875	38946010
RYR1	chr19	+	39017633	39017692
RYR1	chr19	+	39076578	39076642
RYR1	chr19	+	38954063	38954167
RYR1	chr19	+	39034172	39034300
RYR1	chr19	+	38983130	38983276
RYR1	chr19	+	39075583	39075739
RYR1	chr19	+	38995949	38996038
RYR1	chr19	+	38946273	38946391
RYR1	chr19	+	38990275	38990461
RYR1	chr19	+	38973930	38974156
RYR1	chr19	+	39001138	39001205
RYR1	chr19	+	38956731	38957038
RYR1	chr19	+	38935224	38935317
RYR1	chr19	+	38987049	38987181
RYR1	chr19	+	39013857	39013949
RYR1	chr19	+	39005666	39005747
RYR1	chr19	+	39068558	39068688
RYR1	chr19	+	38948691	38948932
RYR1	chr19	+	38984992	38985265
RYR1	chr19	+	38991461	38991630
RYR1	chr19	+	39051753	39052094
RYR1	chr19	+	38995388	38995551
RYR1	chr19	+	38937334	38937408
RYR1	chr19	+	38998352	38998467
RYR1	chr19	+	39006727	39006857
RYR1	chr19	+	38924340	38924514
RYR1	chr19	+	39071010	39071144
RYR1	chr19	+	38958250	38958452
RYR1	chr19	+	38997469	38997592
RYR1	chr19	+	38996943	38997017
RYR1	chr19	+	38986855	38986969
RYR1	chr19	+	38934198	38934272
RYR1	chr19	+	38996446	38996586
RYR1	chr19	+	39077965	39078204
RYR1	chr19	+	39027390	39027407
RYR1	chr19	+	38993520	38993610
RYR1	chr19	+	39019239	39019335
RYR1	chr19	+	39009854	39010094
RYR1	chr19	+	38934358	38934436
RYR1	chr19	+	38981261	38981372
RYR1	chr19	+	38995643	38995721
RYR1	chr19	+	38959945	38960153
RYR1	chr19	+	39055599	39056411
RYR1	chr19	+	38997111	38997186
RYR1	chr19	+	39076731	39076831
RYR1	chr19	+	39001300	39001421
RYR1	chr19	+	39013668	39013755
RYR1	chr19	+	38951015	38951231
RYR1	chr19	+	39028520	39028600
RYR1	chr19	+	38965958	38966090
RYR1	chr19	+	38991246	38991366
RYR1	chr19	+	39066559	39066601
RYR1	chr19	+	39034411	39034515
RYR1	chr19	+	38979817	38980083
RYR1	chr19	+	38993147	38993367
RYR1	chr19	+	39063817	39063947
RYR1	chr19	+	38969075	38969240
RYR1	chr19	+	39061247	39061333
RYR1	chr19	+	39037085	39037166
RYR1	chr19	+	39023311	39023376
RYR1	chr19	+	39023130	39023181
RYR1	chr19	+	39026637	39026710
RYR1	chr19	+	38959606	38959780
RYR1	chr19	+	39068784	39068844
RYR1	chr19	+	38964017	38964411
RYR1	chr19	+	39038873	39039060
RYR1	chr19	+	38976230	38976842
RYR1	chr19	+	39002201	39002250
RYR1	chr19	+	39058413	39058557
RYR1	chr19	+	38934789	38934901
RYR1	chr19	+	39018946	39019058
RYR1	chr19	+	39007999	39008331
RYR1	chr19	+	39062659	39062910
RYR1	chr19	+	38989748	38989883
RYR1	chr19	+	39070622	39070768
RYR1	chr19	+	38948137	38948270
RYR1	chr19	+	39025360	39025459
RYR1	chr19	+	38939289	38939453
RYR1	chr19	+	38943459	38943654
RYR1	chr19	+	38946091	38946186
RYR1	chr19	+	38994860	38995000
RYR1	chr19	+	38955279	38955362
RYR1	chr19	+	38980716	38980916
RYR1	chr19	+	39077165	39077216
RYR1	chr19	+	39018287	39018424
RYR1	chr19	+	39033987	39034075
SLC25A22	chr11	-	792142	792217
SLC25A22	chr11	-	794458	794513
SLC25A22	chr11	-	792304	792458
SLC25A22	chr11	-	794776	794901
SLC25A22	chr11	-	794987	795169
SLC25A22	chr11	-	793529	793619
SLC25A22	chr11	-	790475	792068
SLC25A22	chr11	-	792553	792727
SLC25A22	chr11	-	792870	792988
BRCA1	chr17	-	41209069	41209152
BRCA1	chr17	-	41222945	41223255
BRCA1	chr17	-	41251792	41251897
BRCA1	chr17	-	41199660	41199720
BRCA1	chr17	-	41256885	41256973
BRCA1	chr17	-	41234421	41234592
BRCA1	chr17	-	41256139	41256278
BRCA1	chr17	-	41215891	41215968
BRCA1	chr17	-	41242961	41243049
BRCA1	chr17	-	41249261	41249306
BRCA1	chr17	-	41276034	41276132
BRCA1	chr17	-	41226348	41226538
BRCA1	chr17	-	41247863	41247939
BRCA1	chr17	-	41196312	41197819
BRCA1	chr17	-	41258473	41258550
BRCA1	chr17	-	41203080	41203134
BRCA1	chr17	-	41219625	41219712
BRCA1	chr17	-	41215350	41215390
PDHA1	chrX	+	19377607	19379825
PDHA1	chrX	+	19367430	19367489
PDHA1	chrX	+	19371200	19371291
PDHA1	chrX	+	19373467	19373622
PDHA1	chrX	+	19377034	19377142
PDHA1	chrX	+	19362011	19362212
PDHA1	chrX	+	19373804	19373875
PDHA1	chrX	+	19375770	19375837
PDHA1	chrX	+	19368055	19368228
COL6A1	chr21	+	47407069	47407089
COL6A1	chr21	+	47414081	47414143
COL6A1	chr21	+	47418035	47418085
COL6A1	chr21	+	47418312	47418347
COL6A1	chr21	+	47422132	47422315
COL6A1	chr21	+	47412078	47412131
COL6A1	chr21	+	47407413	47407433
COL6A1	chr21	+	47420673	47420681
COL6A1	chr21	+	47401663	47401861
COL6A1	chr21	+	47404183	47404383
COL6A1	chr21	+	47406440	47406599
COL6A1	chr21	+	47408998	47409051
COL6A1	chr21	+	47411924	47411986
COL6A1	chr21	+	47421167	47421300
COL6A1	chr21	+	47412662	47412724
COL6A1	chr21	+	47421875	47421984
COL6A1	chr21	+	47407524	47407568
COL6A1	chr21	+	47410292	47410336
COL6A1	chr21	+	47410687	47410740
COL6A1	chr21	+	47409666	47409692
COL6A1	chr21	+	47410172	47410198
COL6A1	chr21	+	47409522	47409566
COL6A1	chr21	+	47412277	47412312
COL6A1	chr21	+	47423305	47424963
COL6A1	chr21	+	47417335	47417397
COL6A1	chr21	+	47420245	47420281
COL6A1	chr21	+	47419571	47419606
COL6A1	chr21	+	47422441	47422624
COL6A1	chr21	+	47402548	47402677
COL6A1	chr21	+	47418811	47418873
COL6A1	chr21	+	47410893	47410955
COL6A1	chr21	+	47406858	47406986
COL6A1	chr21	+	47423034	47423063
COL6A1	chr21	+	47419067	47419132
COL6A1	chr21	+	47417614	47417676
TNNT1	chr19	-	55652554	55652670
TNNT1	chr19	-	55658049	55658075
TNNT1	chr19	-	55652251	55652328
TNNT1	chr19	-	55656912	55656933
TNNT1	chr19	-	55645255	55645295
TNNT1	chr19	-	55644161	55644328
TNNT1	chr19	-	55648471	55648580
TNNT1	chr19	-	55658494	55658536
TNNT1	chr19	-	55653225	55653288
TNNT1	chr19	-	55660529	55660606
TNNT1	chr19	-	55649329	55649442
TNNT1	chr19	-	55658376	55658389
